<?xml version="1.0"?>
<!DOCTYPE hibernate-mapping PUBLIC
	"-//Hibernate/Hibernate Mapping DTD//EN"
	"http://hibernate.sourceforge.net/hibernate-mapping-3.0.dtd" >

<!-- old primary key(msg_id,opp_id_type,opp_id); -->
<hibernate-mapping package="resource.bean.msg">
	<class name="CpgUsrInfTmp" table="CPG_USR_INF_TMP">
		<meta attribute="sync-DAO">false</meta>
		<id name="id" type="string" column="id">
			<generator class="uuid" />
		</id>
		<property name="innerId" 		column="inner_id" 		type="string" not-null="false"  length="32" />
		<property name="optType"	 	column="opt_type" 		type="string" not-null="false"  length="1" />
		<property name="userId" 		column="user_id" 		type="string" not-null="false"  length="20" />
		<property name="userName" 		column="user_name" 		type="string" not-null="false"  length="96" />
		<property name="brno" 			column="brno" 			type="string" not-null="false"  length="14" />
		<property name="userType" 		column="user_type" 		type="string" not-null="false"  length="1" />
		<property name="creator" 		column="creator" 		type="string" not-null="false"  length="20" />
		<property name="createdDate" 	column="created_date" 	type="string" not-null="false"  length="14" />
		<property name="checkUser" 		column="check_user" 	type="string" not-null="false"  length="20" />
		<property name="checkDate" 		column="check_date"		type="string" not-null="false"  length="14" />
		<property name="optStatus" 		column="opt_status" 	type="string" not-null="false"  length="1" />
		<property name="rsv1" 			column="rsv1" 			type="string" not-null="false"  length="60" />
		<property name="rsv2" 			column="rsv2" 			type="string" not-null="false"  length="60" />
		<property name="rsv3" 			column="rsv3" 			type="string" not-null="false"  length="60" />
		<property name="rsv4" 			column="rsv4" 			type="string" not-null="false"  length="60" />
		<property name="rsv5" 			column="rsv5" 			type="string" not-null="false"  length="60" />
	</class>
</hibernate-mapping>