<?xml version="1.0"?>
<!DOCTYPE hibernate-mapping PUBLIC
	"-//Hibernate/Hibernate Mapping DTD//EN"
	"http://hibernate.sourceforge.net/hibernate-mapping-3.0.dtd" >

<hibernate-mapping package="com.huateng.hsbc.creditcard.bean">
	<class
		name="CreditCardStaff"
		table="VI_CREDIT_CARD_STAFF"
	>
		<meta attribute="sync-DAO">false</meta>
			<id name="id" type="string" column="REC_ID">
		</id>
		
		<property name="showDate"          column="SHOW_DATE"          type="string" not-null="false" length="100"   />
		<property name="operatorNo"          column="OPERATOR_TLR"          type="string" not-null="false" length="100"   />
		<property name="operatorName"        column="OPERATOR_NAME"         type="string" not-null="false" length="100"   />
		<property name="openAlert"      column="OPEN_ALERT"      type="big_decimal" not-null="false" length="20"  />
		<property name="closeAlert"     column="CLOSE_ALERT"     type="big_decimal" not-null="false" length="20"  />
		
	</class>	
</hibernate-mapping>