<?xml version="1.0" encoding="UTF-8"?>

<!-- 用于直接生成SQL语句，支持同步和异步提交 -->
<!-- title:标题 navigate:导航信息 type:方式（sql|call) interface:是否显示输入条件页面(true|false)
	databusid:数据总线编号 transdataactionurl:数据整理URL txnlogflag:true记录日志 async:异步提交标志
	pagesize:页面显示记录数(缺省为10) -->
<CommQry title="短信" navigate="短信" type="call" interface="false"
	pagesize="10" async="true" databusid="" transdataactionurl="/trans/TransDataAction.do"
	txnlogflag="true" getterclassname="com.huateng.hsbc.creditcard.getter.CreditCardMsgApproveInfoGetter">
	<Include id="BankParam" />
	<Fields>
		<!-- status :F-基本信息中显示 N-不显示 D-详细信息中显示 A-基本、详细信息中都显示 -->
		<!-- primary : true-作为表单项记录上传 false-不作为表单项上传 -->
		<Field id="select" desc="选择" method="None" edittype="checkbox" datatype="boolean" xpath="" />
		
		<Field id="id" desc="id"  method="None" edittype="text" datatype="string" xpath="/id" />
		<Field id="mainId" desc="mainId"  method="None" edittype="text" datatype="string" xpath="/mainId" />
		<Field id="msgType"    desc="短信模板"    edittype="select" datatype="string" method="None" readonly="true" size="2" require="true" status="F" default="" xpath="/msgType" translated="DATA_DIC.1004" />
		<Field id="msgInfo"    desc="短信内容"    edittype="textarea" datatype="string" method="None" readonly="true" size="5000" status="F" default="" xpath="/msgInfo" width="800"/>
		<Field id="serverInfo" desc="服务内容"    edittype="textarea" datatype="string" method="None" readonly="true" size="1500" status="F" default="" xpath="/serverInfo" width="500"/>
		<Field id="phoneNo"    desc="手机号"   edittype="text" datatype="string" method="None" readonly="true" size="52"  status="F" default="" xpath="/phoneNo"/>
		<Field id="status"  desc="记录状态"    edittype="select" datatype="string" method="None" readonly="true" size="2"   status="F" default="" xpath="/status"   translated="DATA_DIC.1012" />
		<Field id="sendTime"      desc="短信文件上传时间"       edittype="text" datatype="timestamp" method="None" readonly="true" size="14"  status="F" default="" xpath="/sendTime"/>
		<Field id="saveTime"      desc="记录时间"       edittype="text" datatype="timestamp" method="None" readonly="true" size="14"  status="F" default="" xpath="/saveTime"/>
		<Field id="errReason"    desc="错误原因"   edittype="text" datatype="string" method="None" readonly="true" size="52"  status="F" default="" xpath="/errReason"/>
		
		<Field id="alarmDate" desc="告警日期" edittype="text" datatype="date" method="None" readonly="true" size="8" status="F" default="" xpath="/alarmDate" />
		<Field id="alarmNo"              desc="告警号"                 edittype="text" datatype="string" method="None" readonly="true" size="52"  status="F" default="" xpath="/alarmNo"  width="250"/>
		
		<Field id="tradeId" desc="tradeId"  method="None" edittype="text" datatype="string" xpath="/tradeId" />
		<Field id="approveTlr"           desc="审核员ID"               edittype="text" datatype="string" method="None" readonly="true" size="30"  status="F" default="" xpath="/approveTlr"   width="250"/>
		<Field id="operatorTlr"          desc="操作员ID"               edittype="text" datatype="string" method="None" readonly="true" size="30"  status="F" default="" xpath="/operatorTlr"  width="250"/>
		
	</Fields>

	<Where>
		<TextBox id="qalarmDateStart" desc="告警起始日期"  require="false" status="F" datatype="date" method="None" size="" width="" primary="false" index="0" type="String" />
		<TextBox id="qalarmDateEnd" desc="告警截止日期" require="false" status="F" datatype="date" method="None" size="" width="" primary="false" index="1" type="String" />
		<TextBox id="qalarmNo" desc="告警号" require="false" status="F" datatype="string" method="None" size="" width="" primary="false" index="2" type="String" />
		<TextBox id="qcustPhoneno" desc="客户手机号" require="false" status="F" datatype="string" method="None" size="" width="" primary="false" index="3" type="String" />
		<TextBox id="qoperatorTlr" desc="操作员ID" require="false" status="F" datatype="string" method="None" size="" width="" primary="false" index="4" type="String" />
    </Where>
	<Operations>
		<Button id="btPass" name="btPass" desc="通过" updateClass="com.huateng.hsbc.creditcard.update.MsgPassUpdate" operation="asysubmit" url="#" show="" group="" txn="" icon="icon-ok" />
		<Button id="btReject" name="btReject" desc="拒绝" updateClass="com.huateng.hsbc.creditcard.update.MsgRejectUpdate" operation="asysubmit" url="#" show="" group="" txn="" icon="icon-cancel" />
	</Operations>

</CommQry>