<?xml version="1.0" encoding="UTF-8"?>

<!-- 用于直接生成SQL语句，支持同步和异步提交 -->
<!-- title:标题 navigate:导航信息 type:方式（sql|call) interface:是否显示输入条件页面(true|false)
	databusid:数据总线编号 transdataactionurl:数据整理URL txnlogflag:true记录日志 async:异步提交标志
	pagesize:页面显示记录数(缺省为10) -->
<CommQry title="申领" navigate="申领" type="call" interface="false"
	pagesize="10" async="true" databusid="" transdataactionurl="/trans/TransDataAction.do"
	txnlogflag="true" getterclassname="com.huateng.hsbc.creditcard.getter.CreditCardHisGetter">
	<Include id="BankParam" />
	
	<Fields>
		<!-- status :F-基本信息中显示 N-不显示 D-详细信息中显示 A-基本、详细信息中都显示 -->
		<!-- primary : true-作为表单项记录上传 false-不作为表单项上传 -->
		<Field id="alarmDate" desc="告警日期" edittype="text" datatype="date" method="None" readonly="true" size="8" status="F" default="" xpath="/alarmDate" />
		<Field id="alarmNo"              desc="告警号"                 edittype="text" datatype="string" method="None" readonly="true" size="52"  status="F" default="" xpath="/alarmNo" />
		<Field id="riskLevel"            desc="风险层级"               edittype="select" datatype="string" method="None" readonly="true" size="5"   status="F" default="" xpath="/riskLevel"   translated="DATA_DIC.1009" />
		<Field id="investigateResult"    desc="调查结果"               edittype="select" datatype="string" method="None" readonly="true" size="2"   status="F" default="" xpath="/investigateResult"  translated="DATA_DIC.1003"/>
		<Field id="riskLevelAdjusted"    desc="调整后风险层级"  edittype="select" datatype="string" method="None" readonly="true" size="6"   status="F" default="" xpath="/riskLevelAdjusted"   translated="DATA_DIC.1017"  />
		<Field id="investigateReport"    desc="调查报告"               edittype="textarea" datatype="string" method="None" readonly="true" size="1500" status="F" default="" xpath="/investigateReport" width="450" height="175"/>
	</Fields>

	<Where>
	</Where>
	<Operations>
	</Operations>

</CommQry>