<?xml version="1.0"?>
<!DOCTYPE hibernate-mapping PUBLIC
	"-//Hibernate/Hibernate Mapping DTD//EN"
	"http://hibernate.sourceforge.net/hibernate-mapping-3.0.dtd" >

<hibernate-mapping package="com.huateng.hsbc.creditcard.bean">
	<class
		name="CreditCardBlock1"
		table="VI_CREDIT_CARD_BLOCK1"
	>
		<meta attribute="sync-DAO">false</meta>
		<id name="id" type="string" column="ID">
		</id>
		
		<property name="month"         column="ALARM_MONTH"          type="string" not-null="false" length="6"   />
		<property name="alarmDate"         column="ALARM_DATE"          type="string" not-null="false" length="8"   />
		<property name="accountNo"         column="ACCOUNTNO"          type="string" not-null="false" length="19"   />
		<property name="result"         column="INVESTIGATE_RESULT"          type="string" not-null="false" length="1"   />
		<property name="reduce"         column="REDUCE"          type="string" not-null="false" length="1"   />
		
	</class>	
</hibernate-mapping>