<?xml version="1.0"?>
<!DOCTYPE hibernate-mapping PUBLIC
	"-//Hibernate/Hibernate Mapping DTD//EN"
	"http://hibernate.sourceforge.net/hibernate-mapping-3.0.dtd" >

<hibernate-mapping package="com.huateng.hsbc.creditcard.bean">
	<class
		name="CreditCardToDoBean"
		table="VI_HOMEPAGE_TODO_CREDIT"
	>
		<meta attribute="sync-DAO">false</meta>
		<id name="id" type="string" column="id"></id>

		<property name="alarmDate"         column="ALARM_DATE"          type="string" not-null="false" length="8"   />
		<property name="riskLevel"         column="RISK_LEVEL"          type="string" not-null="false" length="1"   />
		<property name="operatorTlr"         column="OPERATOR_TLR"          type="string" not-null="false" length="20"   />
		
		<property name="alarmNo" column="ALARM_NO"  type="string" not-null="false" length="52"  />
		<property name="type" column="TYPE"  type="string" not-null="false" length="52"  />
		<property name="num" column="NUM"  type="integer" not-null="false"/>
	</class>	
</hibernate-mapping>