<?xml version="1.0" encoding="UTF-8"?>
<!--  用于直接生成SQL语句，支持同步和异步提交 -->
<!--  title:标题
	navigate:导航信息
	type:方式（sql|call)
	interface:是否显示输入条件页面(true|false)
	databusid:数据总线编号
	transdataactionurl:数据整理URL
	async:异步提交标志
	pagesize:页面显示记录数(缺省为10)
-->
<CommQry title="消息发送配置维护(审核)" navigate="主页 &gt; 消息平台 &gt; 消息发送配置维护(审核)"
         type="call"
         interface="true"
         pagesize="20"
         async="true"
         btnNm="aaa"
         databusid="DEMO"
         transdataactionurl="/trans/TransDataAction.do"
         getterclassname="com.huateng.msgplatform.getter.MsgSndSettingGetter">
    <Include id="BankParam"/>

    <Fields>
        <!-- status :F-基本信息中显示 N-不显示 D-详细信息中显示 A-基本、详细信息中都显示  -->
        <!-- primary : true-作为表单项记录上传　false-不作为表单项上传 -->

        <!--
            //维护页面 msgId,msgName,subType,creator,createdDate,checkUser,checkUser
            //审核页面 msgId,msgName,subType,optType,creator,createdDate
         -->

        <!--
        <Field id="msgId" desc="消息编号" status="F" require="true" edittype="text" datatype="string" readonly="false" xpath="/msgId" size="20" />
        <Field id="msgName" desc="消息描述" status="F" require="false" edittype="text" datatype="string" readonly="false" xpath="/msgName" size="90" />
         -->

        <Field id="msgName" desc="消息描述" status="F" method="None" xpath="/msgName" require="false" edittype="text"
               rules="xssSave" datatype="String"
               primary="true" type="" size="90" default="" readOnly="true"/>
		
		<!-- 
        <Field id="msgId" desc="消息编号" width="400" status="F" require="false" edittype="select" datatype="select"
               translated="DATA_DIC.22401" readonly="false" xpath="/msgId" size="20"/>
		-->
		
		<Field id="msgId" desc="消息编号" status="F"
			primary="false" method="None" readonly="false" type="String"
			size="20" edittype="select" translated="CQ:AllMsgTypeSelect"
			fieldmap="msgId=msgIdS"
			viewField="msgIdNameS" default="" xpath="/msgId"
			require="false" tip="消息编号" /> 
		
        <Field id="roleGroup" desc="系统类型" status="N" require="false"
               readonly="" primary="true" type="String" edittype="select" size="40" rules=""
               translated="LIST:CCIS,法院;TCP,电信;OTHER,其他" xpath="/roleGroup"/>
        <!-- <Field id="type" desc="对象类型" status="F" require="false" edittype="text" rules="xssSave"  datatype="string" readonly="false" xpath="/type" size="1"
            translated="LIST:1,系统级消息;2,业务级消息;3,信息级消息;" /> -->
        <Field id="subType" desc="消息子类型" status="F" require="false" edittype="select" datatype="select"
               translated="DATA_DIC.8100" readonly="false" xpath="/subType" size="20"
        />
        <Field id="optType" desc="维护类型" status="F" require="false" edittype="select" datatype="string" readonly="false"
               xpath="/optType" size="1"
               translated="LIST:1,新增;2,修改;3,删除;"/>
        <Field id="creator" desc="创建者" status="F" require="false" edittype="text" rules="xssSave" datatype="string"
               readonly="false" xpath="/creator" size="20"/>
        <Field id="createdDate" desc="创建时间" status="F" require="false" edittype="text" rules="xssSave" datatype="string"
               readonly="false" xpath="/createdDate" size="14"/>
        <Field id="checkUser" desc="审核人" status="F" require="false" edittype="text" rules="xssSave" datatype="string"
               readonly="false" xpath="/checkUser" size="20"/>
        <Field id="checkDate" desc="审核时间" status="F" require="false" edittype="text" rules="xssSave" datatype="string"
               readonly="false" xpath="/checkDate" size="14"/>

        <Field id="creator1" desc="创建者" status="F" require="false" edittype="text" rules="xssSave" datatype="string"
               readonly="false" xpath="/creator" size="20"
               method="com.huateng.ebank.business.common.CQMethod.getTlrName"/>
        <Field id="checkUser1" desc="审核人" status="F" require="false" edittype="text" rules="xssSave" datatype="string"
               readonly="false" xpath="/checkUser" size="20"
               method="com.huateng.ebank.business.common.CQMethod.getTlrName"/>
        <Field id="createdDate1" desc="创建时间" status="F" require="false" edittype="text" rules="xssSave"
               datatype="string" readonly="false" xpath="/createdDate" size="14"
               method="com.huateng.ebank.business.common.CQMethod.format2Time"/>
        <Field id="checkDate1" desc="审核时间" status="F" require="false" edittype="text" rules="xssSave" datatype="string"
               readonly="false" xpath="/checkDate" size="14"
               method="com.huateng.ebank.business.common.CQMethod.format2Time"/>

        <Field id="opr" desc="操作" status="F" require="false" edittype="text" rules="xssSave" datatype="string"
               readonly="false" xpath="" size="20"/>
        <Field id="approveStatusChoose" desc="审核状态选择" require="false"
               edittype="select" datatype="string" method="None" readonly="false"
               size="2" translated="LIST:1,通过;2,不通过;" status="N" default="" xpath=""/>
        <Field id="approveResultChoose" desc="审核说明" require="" edittype="textarea" rules="xssSave"
               datatype="string" method="None" readonly="false" size="256" status="N"
               default="" xpath=""/>
        <Field id="select" desc="选择" require="false" method="None"
               readonly="false" size="20" default="" xpath="/id" type="select"
               edittype="checkbox"/>
    </Fields>

    <Where>
        <TextBox id="msgId" desc="消息编号" require="false" datatype="string"
                 method="None" size="20" primary="false" index="1" type="String" rules="xss"/>

        <!-- <TextBox id="msgName" desc="消息描述" require="false" datatype="string"
        translated="AML_DATA_DIC.MSGTYPE"//shujuzidian 消息编号
            method="None" size="90" primary="false" index="2" type="String" rules="xss"/> -->
    </Where>

    <Operations>
        <!-- 维护页面 -->
        <Button id="btAdd" name="btAdd" desc="新增" operation="" url="#"
                show="" group="" txn="" icon="icon-add"/>

        <!-- 审核页面 -->
        <Button id="btBack" name="btBack" desc="返回" operation="" url="#"/>
        <Button id="btAudit" desc="审核" icon="icon-edit"/>
        <Button id="btCancel" desc="取消" icon="icon-cancel"/>
        <Button id="btConfirm" desc="确认" operation="asysubmit" icon="icon-ok"
                url="#"
                updateClass="com.huateng.msgplatform.updater.MsgSndSettingApvUpdater"/>


        <Button id="btApprove" desc="审核通过" operation="asysubmit" icon=""
                url="#"
                updateClass="com.huateng.msgplatform.updater.MsgSndSettingApvUpdater"/>

        <Button id="btReject" desc="审核拒绝" operation="asysubmit" icon=""
                url="#"
                updateClass="com.huateng.msgplatform.updater.MsgSndSettingApvUpdater"/>


    </Operations>
</CommQry>