<?xml version="1.0"?>
<!DOCTYPE hibernate-mapping PUBLIC
	"-//Hibernate/Hibernate Mapping DTD//EN"
	"http://hibernate.sourceforge.net/hibernate-mapping-3.0.dtd" >

<hibernate-mapping package="com.huateng.hsbc.creditcard.bean">
	<class
		name="CreditCardRiskLevel"
		table="CREDIT_CARD_RISK_LEVEL"
	>
		<meta attribute="sync-DAO">false</meta>
		<id name="id" type="string" column="REC_ID"></id>

		<property name="recordDate" column="RECORD_DATE" type="string" not-null="false" length="6"   />
		<property name="accountNo" column="ACCOUNT_NO" type="string" not-null="false" length="19"   />
		<property name="levelPre" column="LEVEL_PRE" type="string" not-null="false" length="5"   />
		<property name="investigateResult" column="INVESTIGATE_RESULT" type="string" not-null="false" length="10"   />
		<property name="levelAdjust" column="LEVEL_ADJUST" type="string" not-null="false" length="5"   />
	</class>	
</hibernate-mapping>