<?xml version="1.0"?>
<!DOCTYPE hibernate-mapping PUBLIC "-//Hibernate/Hibernate Mapping DTD 3.0//EN"
"http://hibernate.sourceforge.net/hibernate-mapping-3.0.dtd">
<!-- Generated 2020-7-30 18:02:42 by Hibernate Tools 3.5.0.Final -->
<hibernate-mapping>
    <class name="com.huateng.hsbc.creditcard.bean.AttentionListGeneral" table="ATTENTION_LIST_GENERAL">
        <id name="rec_id" type="java.math.BigDecimal">
            <column name="REC_ID" />
            <generator class="assigned" />
        </id>
        <property name="alarm_date" type="java.lang.String">
            <column name="ALARM_DATE" />
        </property>
        <property name="alarm_no" type="java.lang.String">
            <column name="ALARM_NO" />
        </property>
        <property name="cust_no" type="java.lang.String">
            <column name="CUST_NO" />
        </property>
        <property name="cust_name" type="java.lang.String">
            <column name="CUST_NAME" />
        </property>
        <property name="cust_phone_no" type="java.lang.String">
            <column name="CUST_PHONE_NO" />
        </property>
        
        <property name="id_type" type="java.lang.String">
            <column name="ID_TYPE" />
        </property>
        <property name="id_no" type="java.lang.String">
            <column name="ID_NO" />
        </property>
        <property name="send_time" type="java.lang.String">
            <column name="SEND_TIME" />
        </property>
    </class>
</hibernate-mapping>
