<?xml version="1.0"?>
<!DOCTYPE hibernate-mapping PUBLIC "-//Hibernate/Hibernate Mapping DTD 3.0//EN"
"http://hibernate.sourceforge.net/hibernate-mapping-3.0.dtd">
<!-- Generated 2020-7-30 18:02:42 by Hibernate Tools 3.5.0.Final -->
<hibernate-mapping>
    <class name="com.huateng.hsbc.creditcard.bean.CreditTransactionDetail" table="CREDIT_TRANSACTION_DETAIL">
        <id name="rec_id" type="java.math.BigDecimal">
            <column name="REC_ID" />
            <generator class="assigned" />
        </id>
        <property name="batch_no" type="java.lang.String">
            <column name="BATCH_NO" />
        </property>
        <property name="alert_id" type="java.lang.String">
            <column name="ALERT_ID" />
        </property>
        <property name="risk_level" type="java.lang.String">
            <column name="RISK_LEVEL" />
        </property>
        <property name="cust_no" type="java.lang.String">
            <column name="CUST_NO" />
        </property>
        <property name="card_number" type="java.lang.String">
            <column name="CARD_NUMBER" />
        </property>
        <property name="id_type" type="java.lang.String">
            <column name="ID_TYPE" />
        </property>
        <property name="id_number" type="java.lang.String">
            <column name="ID_NUMBER" />
        </property>
        <property name="cardholder_name" type="java.lang.String">
            <column name="CARDHOLDER_NAME" />
        </property>
        <property name="company_name" type="java.lang.String">
            <column name="COMPANY_NAME" />
        </property>
        <property name="customer_category" type="java.lang.String">
            <column name="CUSTOMER_CATEGORY" />
        </property>
        <property name="billing_date" type="java.math.BigDecimal">
            <column name="BILLING_DATE" />
        </property>
        <property name="repayment_date" type="java.lang.String">
            <column name="REPAYMENT_DATE" />
        </property>
        <property name="income" type="java.math.BigDecimal">
            <column name="INCOME" />
        </property>
        <property name="bureau_score" type="java.lang.String">
            <column name="BUREAU_SCORE" />
        </property>
        <property name="recent_cld_time" type="java.lang.String">
            <column name="RECENT_CLD_TIME" />
        </property>
        <property name="mobile_phon" type="java.lang.String">
            <column name="MOBILE_PHON" />
        </property>
        <property name="credit_card_limit" type="java.math.BigDecimal">
            <column name="CREDIT_CARD_LIMIT" />
        </property>
        <property name="available_balance" type="java.math.BigDecimal">
            <column name="AVAILABLE_BALANCE" />
        </property>
        <property name="transaction_date" type="java.lang.String">
            <column name="TRANSACTION_DATE" />
        </property>
        <property name="transaction_time" type="java.lang.String">
            <column name="TRANSACTION_TIME" />
        </property>
        <property name="transaction_amount" type="java.math.BigDecimal">
            <column name="TRANSACTION_AMOUNT" />
        </property>
        <property name="transaction_currency" type="java.lang.String">
            <column name="TRANSACTION_CURRENCY" />
        </property>
        <property name="transaction_country" type="java.lang.String">
            <column name="TRANSACTION_COUNTRY" />
        </property>
        <property name="transaction_city" type="java.lang.String">
            <column name="TRANSACTION_CITY" />
        </property>
        <property name="mcc_code" type="java.lang.String">
            <column name="MCC_CODE" />
        </property>
        <property name="merchant_name" type="java.lang.String">
            <column name="MERCHANT_NAME" />
        </property>
        <property name="merchant_id" type="java.lang.String">
            <column name="MERCHANT_ID" />
        </property>
        <property name="terminal_id" type="java.lang.String">
            <column name="TERMINAL_ID" />
        </property>
        <property name="pos_entry_mode" type="java.lang.String">
            <column name="POS_ENTRY_MODE" />
        </property>
        <property name="if_apple_pay" type="java.lang.String">
            <column name="IF_APPLE_PAY" />
        </property>
    </class>
</hibernate-mapping>
