<?xml version="1.0"?>
<!DOCTYPE hibernate-mapping PUBLIC
	"-//Hibernate/Hibernate Mapping DTD//EN"
	"http://hibernate.sourceforge.net/hibernate-mapping-3.0.dtd" >

<hibernate-mapping package="com.huateng.hsbc.creditcard.bean">
	<class
		name="CreditCardOverView"
		table="VI_CREDIT_CARD_OVERVIEW"
	>
		<meta attribute="sync-DAO">false</meta>
		<id name="alarmDate" type="string" column="ALARM_DATE">
		</id>

		<property name="generateAlert"  column="GENERATE_ALERT"  type="big_decimal" not-null="false" length="20"  />
		<property name="openAlert"      column="OPEN_ALERT"      type="big_decimal" not-null="false" length="20"  />
		<property name="closeAlert"     column="CLOSE_ALERT"     type="big_decimal" not-null="false" length="20"  />
		
	</class>	
</hibernate-mapping>