<?xml version="1.0"?>
<!DOCTYPE hibernate-mapping PUBLIC
	"-//Hibernate/Hibernate Mapping DTD//EN"
	"http://hibernate.sourceforge.net/hibernate-mapping-3.0.dtd" >

<hibernate-mapping package="com.huateng.hsbc.creditcard.bean">
	<class
		name="CreditCardReportConf"
		table="CREDIT_CARD_REPORT_CONF"
	>
		<meta attribute="sync-DAO">false</meta>
		<id name="id" type="string" column="REC_ID">
		</id>

		<property name="reportId"          column="REPORT_ID"           type="string" not-null="false" length="20"  />
		<property name="reportName"        column="REPORT_NAME"         type="string" not-null="false" length="200" />
		<property name="fieldName"         column="FIELD_NAME"          type="string" not-null="false" length="50"  />
		<property name="fieldDesc"         column="FIELD_DESC"          type="string" not-null="false" length="200" />
		<property name="fieldType"         column="FIELD_TYPE"          type="string" not-null="false" length="20"  />
		<property name="fieldDic"          column="FIELD_DIC"           type="string" not-null="false" length="10"  />
		<property name="fieldIndex"        column="FIELD_INDEX"         type="integer" not-null="false" length="10" />
		
		<property name="rsv1"              column="RSV1"                type="string" not-null="false" length="10"  />
		<property name="rsv2"              column="RSV2"                type="string" not-null="false" length="10"  />
		<property name="rsv3"              column="RSV3"                type="string" not-null="false" length="50"  />
		<property name="rsv4"              column="RSV4"                type="string" not-null="false" length="50"  />
		<property name="rsv5"              column="RSV5"                type="string" not-null="false" length="500" />
		<property name="rsv6"              column="RSV6"                type="string" not-null="false" length="500" />
	</class>	
</hibernate-mapping>