<?xml version="1.0"?>
<!DOCTYPE hibernate-mapping PUBLIC
	"-//Hibernate/Hibernate Mapping DTD//EN"
	"http://hibernate.sourceforge.net/hibernate-mapping-3.0.dtd" >

<hibernate-mapping package="com.huateng.hsbc.creditcard.bean">
	<class
		name="CreditCardAuditTrail"
		table="CREDIT_CARD_AUDIT_TRAIL"
	>
		<meta attribute="sync-DAO">false</meta>
		<id name="id" type="string" column="REC_ID">
		</id>

		<property name="alarmNo"           column="ALARM_NO"          type="string" not-null="false" length="52"  />
		<property name="fieldName"         column="FILELD_NAME"       type="string" not-null="false" length="52"  />
		<property name="oldValue"          column="OLD_VALUE"         type="string" not-null="false" length="2000"  />
		<property name="newValue"          column="NEW_VALUE"         type="string" not-null="false" length="2000"  />
		<property name="operatorTlr"       column="OPERATOR_TLR"      type="string" not-null="false" length="30"  />
		<property name="operatorTime"      column="OPERATOR_TIME"     type="string" not-null="false" length="14"  />
		
		<property name="rsv1"              column="RSV1"                type="string" not-null="false" length="10"  />
		<property name="rsv2"              column="RSV2"                type="string" not-null="false" length="10"  />
		<property name="rsv3"              column="RSV3"                type="string" not-null="false" length="50"  />
		<property name="rsv4"              column="RSV4"                type="string" not-null="false" length="50"  />
		<property name="rsv5"              column="RSV5"                type="string" not-null="false" length="500" />
		<property name="rsv6"              column="RSV6"                type="string" not-null="false" length="500" />
		
	</class>	
</hibernate-mapping>