<?xml version="1.0" encoding="UTF-8"?>
<!DOCTYPE beans PUBLIC "-//SPRING//DTD BEAN 2.0//EN" "http://www.springframework.org/dtd/spring-beans-2.0.dtd">
<beans>
       
    <!-- operations -->
    <bean id="SyncMsgPlatformService"
        class="com.huateng.msgplatform.service.SyncMsgPlatformService">
    </bean>
    <bean   id="MsgTypeOperation"
            class="com.huateng.msgplatform.opertation.MsgTypeOperation" />
    <bean   id="RcvUserOperation"
            class="com.huateng.msgplatform.opertation.RcvUserOperation" />
    <bean   id="RcvUserGroupOperation"
            class="com.huateng.msgplatform.opertation.RcvUserGroupOperation" />
    <bean   id="MsgSendSettingOperation"
            class="com.huateng.msgplatform.opertation.MsgSendSettingOperation" />
    <!-- services -->
    <bean   id="MsgTypeService"
            class="com.huateng.msgplatform.service.MsgTypeService" />
    <bean   id="RcvUserService"
            class="com.huateng.msgplatform.service.RcvUserService" />
    <bean   id="RcvUserGroupService"
            class="com.huateng.msgplatform.service.RcvUserGroupService" />
    <bean   id="MsgSendSettingService"
            class="com.huateng.msgplatform.service.MsgSendSettingService" />
   
	<bean  id="Report0905Service" class="com.huateng.msgplatform.service.Report0905Service" />
	<bean  id="ReportUnfinishedService" class="com.huateng.msgplatform.service.ReportUnfinishedService" />
</beans>
