<?xml version="1.0" encoding="UTF-8"?>
<!DOCTYPE dwr PUBLIC "-//GetAhead Limited//DTD Direct Web Remoting 2.0//EN" "http://getahead.org/dwr/dwr20.dtd">

<dwr>

	<allow>
		<!-- AML生成上报文件 -->
		<create creator="new" javascript="AMLReportFile">
			<param name="class" value="com.huateng.report.aml.genupreportfile.dwr.AMLReportFileService"/>
			<include method="execGenAMLFile"/>
			<include method="delGenAMLFile"/>
			<include method="delGenAMLFileBs"/>
		</create>
		<!-- AML生成上报文件 -->
		<create creator="new" javascript="CreateReportFileService">
			<param name="class" value="com.huateng.report.aml.genupreportfile.dwr.CreateReportFileService"/>
			<include method="execGenAMLFile"/>
		</create>
		<!-- AML验证 -->
		<create creator="new" javascript="AMLVaildService">
			<param name="class" value="com.huateng.report.aml.genupreportfile.dwr.AMLVaildService"/>
			<include method="execVaildAML"/>
			<include method="updateReport"/>
			<include method="updateBSReport"/>
			<include method="hisToAML"/>
			<include method="location"/>
			<include method="locationBSCust"/>
			<include method="locationBSTrans"/>
			<include method="receiveTast"/>
			<include method="receiveTastNew"/>
			<include method="updateBHCReport"/>
			<include method="deleteAmlBH"/>
			<include method="unSave"/>
			<include method="receiveAll"/>
			<include method="receiveAllNew"/>
			<include method="getNextDate"/>
			<include method="approveUNReport"/>
			<include method="getNextApproveDate"/>
			<include method="approveZC"/>
			<include method="getNextApproveZCDate"/>
		</create>
		
		<create creator="new" javascript="CommonQueryResultProcess">
			<param name="class" value="com.huateng.commquery.process.BankResultProcess" />
			<include method="processAsyncBean" />
		</create>

		<create creator="new" javascript="CommonQueryUpdateProcess">
			<param name="class" value="com.huateng.commquery.process.BankUpdateProcess" />
			<include method="savaOrUpdate" />
		</create>

		<create creator="new" javascript="PortletProcess">
			<param name="class" value="com.huateng.commquery.process.PortletProcess" />
			<include method="process" />
		</create>

		<create creator="new" javascript="PrivAction">
			<param name="class" value="com.huateng.ebank.business.dwr.DwrFunctions" />
            <include method="setGlobalInfo" />
            <include method="saveFavt" />
			<include method="setCurrentTabId" />
			<include method="getFuncArray" />
			<include method="getFuncArrayCopram" />
			<include method="getCurrentBctlNo" />
			<include method="setCurrentBctlNo" />
			<include method="getUserInfo" />
			<include method="getFunctionByBranchId" />
			<include method="updateBranchFunc" />
			<include method="getRoleFuncByid" />
			<include method="getRoleFuncByIdCom" />
			<include method="getRoleFuncByIdComSeri" />
			<include method="updateRoleFunc" />
			<include method="getcurrentFileType" />
			<include method="getFuncArrayByFavt" />
			<include method="getFavtList" />
			<include method="getAreaByCode" />
			<include method="getBctlByNo" />
			<include method="deleteAmlBH" />
			<include method="getMaxBatchNo" />
			<include method="initBigCheckBox" />
			<include method="getBathByCode" />
			<include method="deleteAmlBS" />
			<include method="getBSCust" />
			<include method="getBSTrans" />
			<include method="hisToAMLBS" />
			<include method="insertHisTOAML" />
			<include method="hisToAMLBSCust" />
			<include method="hisToAMLBSTrans" />
			<include method="getExportFlag" />
			<include method="getAMLBSCust" />
			<include method="getAMLBHdsCust" />
			<include method="getAMLBHdsTcac" />
			<!-- 黑名单拆分 -->
		    <include method="getBNdetail" />
		    <include method="addAndDelSplistHis" /> 
		    
		    <include method="initStcrCheckBox" />   
			
			<!-- 信息平台 -->
			<include method="getUsrByMsgId" />
		</create>
		<!-- 大额交易查询审核比例-->
		<create creator="new" javascript="AmlBHdsBakService">
			<param name="class" value="com.huateng.report.hf.aml.service.AmlBHdsBakService" />
			<include method="calculateRatio" />
			<include method="JudgeReportType" />
			<include method="BScalculateRatio" />
		</create>





		<!-- AML 3号令打包 20181020-->
		<create creator="new" javascript="GetReportFileService">
			<param name="class" value="com.huateng.report.hfaml3.dwr.service.GetReportFileService"/>
			<include method="execGenAMLFile"/>
		</create>
		
		<!-- AML 3号令页面相关dwr配置 20181031 -->
		<create creator="new" javascript="HfAmlDwrService">
			<param name="class" value="com.huateng.report.hfaml3.dwr.service.HfAmlDwrService"/>
			<include method="receiveTast"/>
			<include method="updateUnReport"/>
			<include method="getNextBHData"/>
			<include method="deleteAmlBH"/>
			<include method="approveUNReport"/>
			<include method="getNextApproveData"/>
			
			<include method="locationBH"/>
			<include method="locationBSCust"/>
			<include method="locationBSTrans"/>
			<include method="getMaxBatchNo"/>
			<include method="getAMLBSCust"/>
			<include method="deleteAmlBS"/>
			<include method="updateBSReport"/>
			<include method="approveZC"/>
			<include method="getNextApproveZCDate"/>
			
			<include method="isTsc"/>
			<include method="getNextBHData2"/>
			
			<include method="getACustInfoGridH"/>
		</create>
		
		<!-- 信用卡dwr配置20200617 -->
		<create creator="new" javascript="CreditCardDwrFunction">
			<param name="class" value="com.huateng.hsbc.creditcard.dwr.CreditCardDwrFunction"/>
			<include method="getNextCase"/>
			<include method="getMsgInfoByType"/>
			<include method="applyCase"/>
			<include method="deleteMsg"/>
			<include method="deleteProof"/>
			<!-- 二期二批次 -->
			<include method="getAdjustRevel"/>
		</create>
		
		<!-- AML验证 -->
		<!-- 图形绘制 -->
		<convert match="map" converter="java.util.Map" />
		<convert match="com.huateng.exception.AppException" converter="bean" />
		<convert match="com.huateng.commquery.result.ResultParamBean"
			javascript="ResultParamBean" converter="bean" />
		<convert match="com.huateng.commquery.result.ResCdMsg"
			javascript="ResCdMsg" converter="bean" />
		<convert match="com.huateng.commquery.result.MultiUpdateResultBean"
			converter="bean" />
		<convert match="com.huateng.commquery.result.UpdateResultBean"
			converter="bean" />
		<convert match="com.huateng.commquery.result.UpdateReturnBean"
			converter="bean" />
		<convert match="com.huateng.ebank.entity.data.mng.FunctionInfo" converter="bean" />
		<convert match="com.huateng.ebank.entity.data.mng.Bctl" converter="bean" />
		<convert match="com.huateng.ebank.entity.data.mng.RoleInfo" converter="bean" />
		<convert match="com.huateng.ebank.entity.data.mng.RoleFuncRel" converter="bean" />
		<convert match="com.huateng.report.hf.aml.bean.BiBigDataDic" converter="bean"/>
		<convert match="resource.bean.report.StcrDataDic" converter="bean"/>

		<create creator="new" javascript="UploadMonitor">
			<param name="class" value="com.huateng.commquery.fileupload.UploadMonitor" />
		</create>
		<convert converter="bean"
			match="com.huateng.commquery.fileupload.UploadInfo" />
		<convert converter="bean" match="resource.bean.report.AmlBhbsDsHis" />
		<convert converter="bean" match="com.huateng.report.hf.aml.bs.bean.AmlBsUploadHis" />
		<convert converter="bean" match="com.huateng.report.hf.aml.bs.bean.AmlBsCusUploadHis" />
		<convert converter="bean" match="com.huateng.report.hf.aml.bs.bean.AmlBsTransUploadHis" />
		
		<!-- add20200618信用卡 -->
		<convert converter="bean" match="com.huateng.hsbc.creditcard.bean.CreditCardTrade" />
	</allow>

	<signatures>
		<![CDATA[
		import java.util.List;
		import java.util.Map;
		import com.huateng.commquery.result.UpdateReturnBean;
		import com.huateng.commquery.result.UpdateResultBean;
		import com.huateng.commquery.process.BankResultProcess;
		import com.huateng.commquery.process.BankUpdateProcess;
		import com.huateng.commquery.result.MultiUpdateResultBean;
		BankResultProcess.processAsyncBean(Map<String,String> map,HttpServletRequest request,HttpServletResponse response);
		BankUpdateProcess.savaOrUpdate(String updateClassName,MultiUpdateResultBean bean,HttpServletRequest request,HttpServletResponse response);
		MultiUpdateResultBean.setUpdateResult(Map<String,UpdateResultBean> map);
		MultiUpdateResultBean.setParamMap(Map<String,String> map);
		UpdateReturnBean.setParamMap(Map<String,String> map);
		UpdateResultBean.setParamMap(Map<String,String> map);
		UpdateResultBean.setTotalList(List<Map> list);
		]]>
	</signatures>
</dwr>
