<?xml version="1.0" encoding="UTF-8"?>
<META>
	<!-- 信用卡 -->
	<Query id="CreditCardAssignInfo" path="/fpages/creditcard/xml/CreditCardAssignInfo.xml" />
	<Query id="CreditCardApplyInfo" path="/fpages/creditcard/xml/CreditCardApplyInfo.xml" />
	<Query id="CreditCardModInfo" path="/fpages/creditcard/xml/CreditCardModInfo.xml" />
	<Query id="CreditCardExtractInfo" path="/fpages/creditcard/xml/CreditCardExtractInfo.xml" />
	<Query id="CreditCardApproveApplyInfo" path="/fpages/creditcard/xml/CreditCardApproveApplyInfo.xml" />
	<Query id="CreditCardExtractApproveInfo" path="/fpages/creditcard/xml/CreditCardExtractApproveInfo.xml" />
	<Query id="CreditCardDtl" path="/fpages/creditcard/xml/CreditCardDtl.xml" />
	<Query id="CreditCardQueryInfo" path="/fpages/creditcard/xml/CreditCardQueryInfo.xml" />
	
	<Query id="CreditCardTradeInfo" path="/fpages/creditcard/xml/CreditCardTradeInfo.xml" />
	<Query id="CreditCardMsgInfo" path="/fpages/creditcard/xml/CreditCardMsgInfo.xml" />
	<Query id="CreditCardMsgDtl" path="/fpages/creditcard/xml/CreditCardMsgDtl.xml" />
	<Query id="CreditCardProof" path="/fpages/creditcard/xml/CreditCardProof.xml" />
	
	<Query id="CreditCardTlrNoSelect" path="/fpages/creditcard/xml/CreditCardTlrNoSelect.xml" />
	<!-- 报表 -->
	<Query id="CreditCardAuditTrailInfo" path="/fpages/creditcard/xml/CreditCardAuditTrailInfo.xml" />
	<Query id="CaseManagementReport" path="/fpages/creditcard/xml/CaseManagementReport.xml" />
	<Query id="OverViewReport" path="/fpages/creditcard/xml/OverViewReport.xml" />
	<Query id="StaffReport" path="/fpages/creditcard/xml/StaffReport.xml" />
	<Query id="CreditTransactionDetail" path="/fpages/creditcard/xml/CreditTransactionDetail.xml" />
	<Query id="AttentionListGeneral" path="/fpages/creditcard/xml/AttentionListGeneral.xml" />
	<Query id="SendAgentSystem" path="/fpages/creditcard/xml/SendAgentSystem.xml" />
	<Query id="CreditStaffAlert" path="/fpages/creditcard/xml/CreditStaffAlert.xml" />
	<Query id="CreditCardSysParams" path="/fpages/creditcard/xml/CreditCardSysParams.xml" />
	
	<!-- 20201112 -->
	<Query id="CreditCardHis" path="/fpages/creditcard/xml/CreditCardHis.xml" />
	<Query id="CreditCardMsgApproveInfo" path="/fpages/creditcard/xml/CreditCardMsgApproveInfo.xml" />
</META>