<?xml version="1.0" encoding="UTF-8"?>
<!--  用于直接生成SQL语句，支持同步和异步提交 -->
<!--  title:标题
	navigate:导航信息
	type:方式（sql|call)
	interface:是否显示输入条件页面(true|false)5
	databusid:数据总线编号
	transdataactionurl:数据整理URL
	async:异步提交标志
	pagesize:页面显示记录数(缺省为10)
-->
<CommQry title="接收方式临时表" navigate="主页 &gt; 消息平台 &gt; 消息类型维护审核"
	type="call"
	interface="true"
	pagesize="10"
	async="true"
	btnNm="aaa"
	databusid="DEMO"
	transdataactionurl="/trans/TransDataAction.do"
	getterclassname="com.huateng.msgplatform.getter.CpgMsgUsrTmpGetter">
	<Include id="BankParam" />

	<Fields>
		<!-- status :F-基本信息中显示 N-不显示 D-详细信息中显示 A-基本、详细信息中都显示  -->
		<!-- primary : true-作为表单项记录上传　false-不作为表单项上传 -->
		<Field id="id" desc="记录主键" status="F" require="" edittype="text" rules="xssSave"
			datatype="string" method="None" readonly="false" primary="true" type="String"
			size="32" default="" xpath="/id" />
			
		<Field id="innerId" desc="内部序号" status="F" require="false" edittype="text" rules="xssSave" datatype="string" readonly="false" xpath="/innerId" size="20" />
		<Field id="optType" desc="维护类型" status="F" require="false" edittype="text" rules="xssSave" datatype="string" readonly="false" xpath="/optType" size="1" />
		<Field id="userId" desc="操作员ID" status="F" require="false" edittype="text" rules="xssSave" datatype="string" readonly="false" xpath="/userId" size="20" />
		<Field id="sendType" desc="发送方式" status="F" require="false" edittype="select" datatype="string" readonly="false" xpath="/sendType" size="2" 
			translated="LIST:02,邮件;" /><!-- 01-文件服务器,02-邮件,03-短信 -->
		<Field id="rcvInf" desc="接收要素" status="F" require="false" edittype="text" rules="xssSave" datatype="string" readonly="false" xpath="/rcvInf" size="1024" />
		<Field id="creator" desc="创建者" status="F" require="false" edittype="text" rules="xssSave" datatype="string" readonly="false" xpath="/creator" size="20" />
		<Field id="createdDate" desc="创建时间" status="F" require="false" edittype="text" rules="xssSave" datatype="string" readonly="false" xpath="/createdDate" size="14" />
		<Field id="checkUser" desc="审核人" status="F" require="false" edittype="text" rules="xssSave" datatype="string" readonly="false" xpath="/checkUser" size="20" />
		<Field id="checkDate" desc="审核时间" status="F" require="false" edittype="text" rules="xssSave" datatype="string" readonly="false" xpath="/checkDate" size="14" />
		<Field id="optStatus" desc="状态" status="F" require="false" edittype="text" rules="xssSave" datatype="string" readonly="false" xpath="/optStatus" size="1" />
		<Field id="rsv1" desc="备用1" status="F" require="false" edittype="text" rules="xssSave" datatype="string" readonly="false" xpath="/rsv1" size="60" />
		<Field id="rsv2" desc="备用2" status="F" require="false" edittype="text" rules="xssSave" datatype="string" readonly="false" xpath="/rsv2" size="60" />
		<Field id="rsv3" desc="备用3" status="F" require="false" edittype="text" rules="xssSave" datatype="string" readonly="false" xpath="/rsv3" size="60" />
		<Field id="rsv4" desc="备用4" status="F" require="false" edittype="text" rules="xssSave" datatype="string" readonly="false" xpath="/rsv4" size="60" />
		<Field id="rsv5" desc="备用5" status="F" require="false" edittype="text" rules="xssSave" datatype="string" readonly="false" xpath="/rsv5" size="60" />

		<Field id="opr" desc="操作" status="F" require="false" edittype="text" rules="xssSave" datatype="string" readonly="false" xpath="" size="20" />
		<Field id="select" desc="选择" require="false" method="None"
			readonly="false" size="20" default="" xpath="/id" type="select"
			edittype="checkbox" />
	</Fields>

	<Where>
	</Where>

	<Operations>
		<Button id="btBack" name="btBack" desc="返回" operation="" url="#" />
	</Operations>
</CommQry>