<?xml version="1.0" encoding="UTF-8"?>
<!-- 用于直接生成SQL语句，支持同步和异步提交 -->
<!-- title:标题 navigate:导航信息 type:方式（sql|call) interface:是否显示输入条件页面(true|false) 
	databusid:数据总线编号 transdataactionurl:数据整理URL async:异步提交标志 pagesize:页面显示记录数(缺省为10) -->
<CommQry title="接收机构临时表" type="call" interface="true" navigate="消息平台-接收用户维护审核明细"
	async="true" databusid="" transdataactionurl="/trans/TransDataAction.do"
	getterclassname="com.huateng.msgplatform.getter.CpgUsrBranchTmpGetter">
	<Include id="BankParam" />
	<!-- status ：F-基本信息中显示 N-不显示 D-详细信息中显示 A-基本、详细信息中都显示 -->
	<!-- primary ： true-作为表单项记录上传 false-不作为表单项上传 -->
	<Fields>
		<Field id="id" desc="记录主键" status="F" require="" edittype="text" rules="xssSave"
			datatype="string" method="None" readonly="false" primary="true" type="String"
			size="32" default="" xpath="/id" />
		<Field id="innerId" desc="序号" status="F" require="false" edittype="text" rules="xssSave" datatype="string" readonly="false" xpath="/innerId" size="20" />
		<Field id="optType" desc="维护类型" status="F" require="false" edittype="select" datatype="string" readonly="false" xpath="/optType" size="1" 
			translated="LIST:1,新增;2,修改;3,删除;" />
		<Field id="userId" desc="用户ID" status="F" require="false" edittype="text" rules="xssSave" datatype="string" readonly="false" xpath="/userId" size="20" />
		<Field id="brno" desc="内部机构号" status="F" require="false" edittype="text" rules="xssSave" datatype="string" readonly="false" xpath="/brno" size="14" />
		<!-- add by zhangdianchao 20160314 -->
		<Field id="brname" desc="内部机构名称" status="F" require="false" edittype="text" rules="xssSave" datatype="string" readonly="false" xpath="/brname" size="60" />
		<!-- add by zhangdianchao 20160314 -->
		<Field id="mdTlrno" desc="录入操作员" status="F" require="false" edittype="text" rules="xssSave" datatype="string" readonly="false" xpath="/mdTlrno" size="20" />
		<Field id="mdTime" desc="录入时间" status="F" require="false" edittype="text" rules="xssSave" datatype="string" readonly="false" xpath="/mdTime" size="14" />
		<Field id="ckTlrno" desc="审核操作员" status="F" require="false" edittype="text" rules="xssSave" datatype="string" readonly="false" xpath="/ckTlrno" size="20" />
		<Field id="ckTime" desc="审核时间" status="F" require="false" edittype="text" rules="xssSave" datatype="string" readonly="false" xpath="/ckTime" size="14" />
		<Field id="optStatus" desc="操作状态" status="F" require="false" edittype="select" datatype="string" readonly="false" xpath="/optStatus" size="1" 
			translated="LIST:0,待审核;1,已审核;2,已拒绝;" />
		<Field id="rsv1" desc="备用1" status="F" require="false" edittype="text" rules="xssSave" datatype="string" readonly="false" xpath="/rsv1" size="60" />
		<Field id="rsv2" desc="备用2" status="F" require="false" edittype="text" rules="xssSave" datatype="string" readonly="false" xpath="/rsv2" size="60" />
		<Field id="rsv3" desc="备用3" status="F" require="false" edittype="text" rules="xssSave" datatype="string" readonly="false" xpath="/rsv3" size="60" />
		<Field id="rsv4" desc="备用4" status="F" require="false" edittype="text" rules="xssSave" datatype="string" readonly="false" xpath="/rsv4" size="60" />
		<Field id="rsv5" desc="备用5" status="F" require="false" edittype="text" rules="xssSave" datatype="string" readonly="false" xpath="/rsv5" size="60" />

		<Field id="opr" desc="操作" status="F" require="false" edittype="text" rules="xssSave" datatype="string" readonly="false" xpath="" size="20" />	
		<Field id="select" desc="选择" require="false" method="None"
			readonly="false" size="20" default="" xpath="/id" type="select"
			edittype="checkbox" />
		
	</Fields>
	<Where>
	</Where>

	<Operations>
	</Operations>
</CommQry>		