<?xml version="1.0" encoding="UTF-8"?>
<!-- 用于直接生成SQL语句，支持同步和异步提交 -->
<!-- title:标题 navigate:导航信息 type:方式（sql|call) interface:是否显示输入条件页面(true|false) 
	databusid:数据总线编号 transdataactionurl:数据整理URL async:异步提交标志 pagesize:页面显示记录数(缺省为10) -->
<CommQry title="交易数据补录" type="call" interface="true" navigate=""
	async="true" databusid="" transdataactionurl="/trans/TransDataAction.do"
	getterclassname="#">
	<Include id="BankParam" />
	<!-- status ：F-基本信息中显示 N-不显示 D-详细信息中显示 A-基本、详细信息中都显示 -->
	<!-- primary ： true-作为表单项记录上传 false-不作为表单项上传 -->
	<Fields>
		<Field id="id" desc="记录主键" status="F" require="" edittype="text" rules="xssSave"
			datatype="string" method="None" readonly="false" primary="true" type="String"
			size="32" default="" xpath="/id" />
		<Field id="userId" desc="用户ID" status="F" require="false" edittype="text" rules="xssSave" datatype="string" readonly="false" xpath="/userId" size="20" />
		<Field id="brno" desc="内部机构号" status="F" require="false" edittype="text" rules="xssSave" datatype="string" readonly="false" xpath="/brno" size="14" />
		<Field id="creator" desc="录入操作员" status="F" require="false" edittype="text" rules="xssSave" datatype="string" readonly="false" xpath="/creator" size="20" />
		<Field id="createdDate" desc="录入时间" status="F" require="false" edittype="text" rules="xssSave" datatype="string" readonly="false" xpath="/createdDate" size="14" />
		<Field id="checkUser" desc="审核操作员" status="F" require="false" edittype="text" rules="xssSave" datatype="string" readonly="false" xpath="/checkUser" size="20" />
		<Field id="checkDate" desc="审核时间" status="F" require="false" edittype="text" rules="xssSave" datatype="string" readonly="false" xpath="/checkDate" size="14" />
		<Field id="modUser" desc="最后一次修改操作员" status="F" require="false" edittype="text" rules="xssSave" datatype="string" readonly="false" xpath="/modUser" size="20" />
		<Field id="modDate" desc="最后一次修改时间" status="F" require="false" edittype="text" rules="xssSave" datatype="string" readonly="false" xpath="/modDate" size="14" />
		<Field id="rsv1" desc="备用1" status="F" require="false" edittype="text" rules="xssSave" datatype="string" readonly="false" xpath="/rsv1" size="60" />
		<Field id="rsv2" desc="备用2" status="F" require="false" edittype="text" rules="xssSave" datatype="string" readonly="false" xpath="/rsv2" size="60" />
		<Field id="rsv3" desc="备用3" status="F" require="false" edittype="text" rules="xssSave" datatype="string" readonly="false" xpath="/rsv3" size="60" />
		<Field id="rsv4" desc="备用4" status="F" require="false" edittype="text" rules="xssSave" datatype="string" readonly="false" xpath="/rsv4" size="60" />
		<Field id="rsv5" desc="备用5" status="F" require="false" edittype="text" rules="xssSave" datatype="string" readonly="false" xpath="/rsv5" size="60" />

		<Field id="opr" desc="操作" status="F" require="false" edittype="text" rules="xssSave" datatype="string" readonly="false" xpath="" size="20" />	
		<Field id="select" desc="选择" require="false" method="None"
			readonly="false" size="20" default="" xpath="/id" type="select"
			edittype="checkbox" />
		
	</Fields>
	<Where>
	</Where>

	<Operations>
	</Operations>
</CommQry>		