<?xml version="1.0" encoding="UTF-8"?>
<!-- 用于直接生成SQL语句，支持同步和异步提交 -->
<!-- title:标题 navigate:导航信息 type:方式（sql|call) interface:是否显示输入条件页面(true|false) 
	databusid:数据总线编号 transdataactionurl:数据整理URL async:异步提交标志 pagesize:页面显示记录数(缺省为10) -->
<CommQry title="消息发送日志查询" type="call" pagesize="20" interface="true" navigate="消息平台>>消息发送日志查询"
         async="true" databusid="" transdataactionurl="/trans/TransDataAction.do"
         getterclassname="com.huateng.msgplatform.getter.MsgLogQryGetter">
    <Include id="BankParam"/>
    <!-- status ：F-基本信息中显示 N-不显示 D-详细信息中显示 A-基本、详细信息中都显示 -->
    <!-- primary ： true-作为表单项记录上传 false-不作为表单项上传 -->
    <Fields>
        <Field id="id" desc="发送流水号" status="F" require="" edittype="text" rules="xssSave"
               datatype="string" method="None" readonly="false" primary="true" type="String"
               size="32" default="" xpath="/dtl/id"/>
        <Field id="msgId" desc="消息编号" status="F" require="false" edittype="select" datatype="select"
               translated="DATA_DIC.8000" readonly="false" xpath="/dtl/msgId" size="20"/>
        <Field id="oppId" desc="接收用户" status="F" require="false" edittype="text" rules="xssSave" datatype="string"
               readonly="false" xpath="/dtl/oppId" size="20"/>
        <Field id="rcvInf" desc="接收地址" status="F" require="false" edittype="text" rules="xssSave" datatype="string"
               readonly="false" xpath="/dtl/rcvInf" size="1024"/>
        <Field id="status" desc="状态" status="F" require="false" edittype="select" datatype="string" readonly="false"
               xpath="/dtl/status" size="1"
               translated="LIST:0,待发送;2,已发送;3,发送失败;"/>
        <Field id="sendDate" desc="发送时间" status="F" require="false" edittype="date" datatype="time14" rules="xssSave"
               readonly="false" xpath="/dtl/sendDate" size="14"/>
        <Field id="msgLogHead" desc="消息标题" status="F" require="false" edittype="text" rules="xssSave" datatype="string"
               readonly="false" xpath="/pool/msgLogHead" size="192"/>
        <Field id="msgLog" desc="消息内容" status="F" require="false" edittype="text" rules="xssSave" datatype="string"
               readonly="false" xpath="/pool/msgLog" size="4000"/>
        <Field id="failedReason" desc="失败原因" status="F" require="false" edittype="text" rules="xssSave"
               datatype="string" readonly="false" xpath="/dtl/failedReason" size="2"/>

    </Fields>
    <Where>
        <!-- sendDate,msgSysId,msgId,userName,msgLogHead -->
        <TextBox id="dateStart" desc="发送时间 从" require="false" datatype="date"
                 method="None" size="150" primary="false" index="1" type="String"/>
        <TextBox id="dateEnd" desc="发送时间 到" require="false" datatype="date"
                 method="None" size="150" primary="false" index="2" type="String"/>
        <TextBox id="msgId" desc="消息编号" require="false" datatype="string"
                 method="None" size="20" primary="false" index="3" type="String" rules="xss"/>
        <Option id="status" desc="状态" require="false" datatype="select"
                method="None" size="150" primary="false" index="4" type="String" rules="xss"
                translated="LIST:0,待发送;2,已发送;3,发送失败;"/>
        <TextBox id="userName" desc="接收用户名" require="false" datatype="string"
                 method="None" size="150" primary="false" index="5" type="String" rules="xss"/>
        <TextBox id="msgLogHead" desc="消息标题" require="false" datatype="string"
                 method="None" size="150" primary="false" index="6" type="String" rules="xss"/>
    </Where>

    <Operations>
        <!-- 明细页面按钮 -->
        <Button id="btBack" name="btBack" desc="返回" operation="" url="#"/>
    </Operations>
</CommQry>